,Cluster 1,Cluster 2,Cluster 3,Cluster 4
0w0,3.3166247903554,4.0,5.0990195135927845,2.8284271247461903
10sion,inf,3.7416573867739413,3.605551275463989,1.0
3xHCCH,2.6457513110645907,7.416198487095663,18.57417562100671,2.6457513110645907
851222,10.677078252031311,11.135528725660043,17.320508075688775,9.695359714832659
=G=,inf,5.5677643628300215,2.23606797749979,inf
AKS-6,inf,3.1622776601683795,3.1622776601683795,3.605551275463989
A_Different_Drummer,9.433981132056603,8.12403840463596,16.401219466856727,12.24744871391589
Aaron1375,5.385164807134504,6.324555320336759,13.45362404707371,6.4031242374328485
AaronCapenBanner,1.4142135623730951,9.273618495495704,10.488088481701515,3.1622776601683795
AbhiMathews,inf,3.7416573867739413,6.782329983125268,inf
Agent10,inf,5.477225575051661,4.123105625617661,1.4142135623730951
AhmedSpielberg99,5.656854249492381,5.0990195135927845,8.426149773176359,2.0
AirBourne_Bds,6.0,3.1622776601683795,10.63014581273465,5.0
Al_The_Strange,3.605551275463989,6.4031242374328485,15.297058540778355,3.1622776601683795
Alanjackd,16.278820596099706,14.933184523068078,3.0,17.74823934929885
Alexander_Blanchett,5.0,3.872983346207417,inf,inf
AlsExGal,5.196152422706632,5.385164807134504,9.055385138137417,4.123105625617661
Aly200,2.449489742783178,5.477225575051661,11.575836902790225,1.4142135623730951
AmyJenson1995,5.916079783099616,2.6457513110645907,10.344080432788601,5.196152422706632
Amyth47,15.264337522473747,14.594519519326424,8.660254037844387,10.63014581273465
Andres-Camara,12.84523257866513,14.933184523068078,inf,15.874507866387544
Andy-296,inf,5.916079783099616,3.605551275463989,4.0
Angelus2,inf,7.874007874011811,14.071247279470288,inf
Angeneer,inf,7.280109889280518,3.4641016151377544,1.4142135623730951
Angry_Arguer,inf,17.635192088548397,5.0,11.445523142259598
Animany94,3.7416573867739413,5.656854249492381,8.246211251235321,3.1622776601683795
AnishMisra,4.358898943540674,5.291502622129181,5.0,1.0
Anonymous_Maxine,inf,10.295630140987,8.12403840463596,2.0
Antagonisten,1.0,1.4142135623730951,3.1622776601683795,1.0
Anurag-Shetty,12.36931687685298,7.810249675906654,13.892443989449804,11.874342087037917
Aoi_kdr,6.164414002968976,7.745966692414834,5.385164807134504,10.862780491200215
ArchonCinemaReviews,3.872983346207417,2.8284271247461903,8.0,8.660254037844387
Argemaluco,3.4641016151377544,8.0,10.862780491200215,3.605551275463989
ArtVandelayImporterExporter,13.038404810405298,14.142135623730951,11.445523142259598,3.0
Atreyu_II,inf,7.874007874011811,1.0,3.605551275463989
AudioFileZ,4.47213595499958,3.1622776601683795,5.744562646538029,6.0
AvidClimber,inf,5.291502622129181,11.40175425099138,inf
BA_Harrison,11.180339887498949,12.0,13.114877048604,11.532562594670797
Badmoviessuck,6.4031242374328485,1.7320508075688772,5.5677643628300215,5.830951894845301
BandSAboutMovies,6.6332495807108,5.916079783099616,6.557438524302,4.242640687119285
Barky44,inf,6.4031242374328485,5.830951894845301,1.0
Ben_Cheshire,inf,9.797958971132712,1.4142135623730951,inf
BeneCumb,3.872983346207417,4.47213595499958,15.198684153570664,4.58257569495584
Benjamin-M-Weilert,7.0,6.6332495807108,11.661903789690601,6.708203932499369
Benjamin_Cox,inf,1.0,4.123105625617661,inf
Bob Pr.,inf,8.94427190999916,3.872983346207417,inf
Bob-45,inf,2.0,5.5677643628300215,3.0
Bogmeister,inf,3.1622776601683795,inf,2.0
Bored_Dragon,6.557438524302,9.38083151964686,13.152946437965905,10.14889156509222
BoydudeReviews,3.0,4.358898943540674,3.4641016151377544,1.0
Boyo-2,inf,12.767145334803704,7.615773105863909,1.0
Bravesfan17,inf,2.0,7.280109889280518,1.0
BroadswordCallinDannyBoy,inf,3.0,9.0,1.0
Bruce722,3.1622776601683795,4.898979485566356,14.317821063276353,2.6457513110645907
Buddy-51,3.1622776601683795,5.5677643628300215,14.832396974191326,6.082762530298219
Bunuel1976,inf,4.795831523312719,8.660254037844387,3.0
C22Man,8.12403840463596,5.385164807134504,6.6332495807108,7.810249675906654
CANpatbuck3664,5.830951894845301,2.8284271247461903,inf,7.615773105863909
CMTiago,1.0,4.123105625617661,13.114877048604,1.4142135623730951
Calicodreamin,1.4142135623730951,2.8284271247461903,3.7416573867739413,inf
Captain_Couth,inf,6.6332495807108,1.0,4.123105625617661
Carycomic,7.937253933193772,4.242640687119285,8.94427190999916,6.928203230275509
Catherine_Grace_Zeh,inf,2.449489742783178,1.0,inf
CelluRob,2.6457513110645907,4.123105625617661,1.0,2.6457513110645907
Chalice_Of_Evil,2.6457513110645907,1.7320508075688772,11.090536506409418,4.242640687119285
CharltonBoy,inf,9.486832980505138,1.4142135623730951,inf
Chris Knipp,inf,4.358898943540674,10.816653826391969,2.0
Chris_Docker,inf,7.483314773547883,5.656854249492381,8.306623862918075
ChristianUnchained,inf,4.242640687119285,15.198684153570664,1.0
Christian_Dimartino,inf,7.54983443527075,22.360679774997898,1.0
Christopher_Reid,6.928203230275509,7.745966692414834,9.1104335791443,6.164414002968976
Chuck-149,inf,11.269427669584644,4.58257569495584,10.099504938362077
CineCritic2517,10.63014581273465,23.664319132398465,13.038404810405298,15.165750888103101
CineMuseFilms,8.0,5.385164807134504,inf,6.6332495807108
Cineanalyst,7.0710678118654755,4.358898943540674,2.449489742783178,3.1622776601683795
CinemaSerf,4.795831523312719,inf,4.898979485566356,4.123105625617661
CinematicInceptions,7.280109889280518,10.535653752852738,12.84523257866513,6.928203230275509
Cirene404,4.795831523312719,2.23606797749979,4.795831523312719,3.605551275463989
ClaytonDavis,2.6457513110645907,4.0,14.247806848775006,5.0990195135927845
Cocacolaguy912-2,inf,4.58257569495584,8.54400374531753,1.0
Cosmoeticadotcom,inf,9.16515138991168,6.082762530298219,5.0
CountZero313,6.0,4.0,6.0,7.0
Coventry,2.449489742783178,6.48074069840786,8.660254037844387,6.324555320336759
Coxer99,inf,6.324555320336759,4.898979485566356,2.0
CrassActionHero,inf,6.557438524302,9.219544457292887,inf
Cristi_Ciopron,inf,5.0990195135927845,12.489995996796797,1.0
CubsandCulture,9.486832980505138,10.246950765959598,9.899494936611665,4.123105625617661
CuriosityKilledShawn,7.54983443527075,13.152946437965905,6.855654600401044,9.273618495495704
DICK STEEL,inf,10.535653752852738,25.317977802344327,1.0
DJAkin,3.3166247903554,8.717797887081348,13.19090595827292,8.306623862918075
DKosty123,7.483314773547883,8.54400374531753,13.892443989449804,7.681145747868608
Dan1863Sickles,8.18535277187245,11.958260743101398,3.4641016151377544,7.615773105863909
Danny_G13,2.23606797749979,6.4031242374328485,7.14142842854285,1.0
Danusha_Goska,10.344080432788601,12.328828005937952,14.142135623730951,12.36931687685298
DareDevilKid,8.48528137423857,3.0,9.539392014169456,9.1104335791443
DarkVulcan29,9.433981132056603,8.602325267042627,22.090722034374522,8.0
Darkside-Reviewer,3.3166247903554,4.123105625617661,4.47213595499958,6.082762530298219
DarthBill,inf,4.358898943540674,7.280109889280518,1.0
DarthVoorhees,9.16515138991168,7.483314773547883,12.767145334803704,8.06225774829855
Darth_Osmosis,6.6332495807108,7.483314773547883,12.84523257866513,2.6457513110645907
DavidSim240183,inf,3.0,4.69041575982343,inf
DavidYZ,9.0,18.16590212458495,11.090536506409418,8.06225774829855
David_Frames,inf,5.385164807134504,3.3166247903554,3.4641016151377544
Deckard-16,inf,4.242640687119285,13.416407864998739,inf
DeeNine-2,3.0,6.0,5.477225575051661,2.23606797749979
Didier-Becu,inf,2.449489742783178,1.0,1.0
Dockelektro,inf,4.69041575982343,4.0,1.0
DonFishies,inf,2.0,9.1104335791443,1.0
Doylenf,inf,7.810249675906654,6.164414002968976,5.0
Dr_Coulardeau,4.242640687119285,9.797958971132712,19.026297590440446,3.605551275463989
Dragonsouls,5.477225575051661,4.242640687119285,13.45362404707371,8.774964387392123
DunnDeeDaGreat,inf,5.291502622129181,6.48074069840786,4.0
EUyeshima,inf,5.291502622129181,11.445523142259598,1.4142135623730951
Ed-Shullivan,6.708203932499369,5.5677643628300215,6.48074069840786,2.8284271247461903
Edvis-1997,3.1622776601683795,2.23606797749979,inf,2.0
EijnarAmadeus,inf,8.602325267042627,9.643650760992955,3.1622776601683795
Electrified_Voltage,inf,2.8284271247461903,3.1622776601683795,inf
ElijahCSkuggs,inf,4.358898943540674,3.0,1.0
Elswet,inf,8.774964387392123,8.888194417315589,2.23606797749979
EmmettvanHalm,5.0990195135927845,3.605551275463989,3.0,2.0
EmperorNortonII,inf,2.23606797749979,3.605551275463989,inf
Enchorde,5.5677643628300215,3.0,7.937253933193772,5.744562646538029
Endless_01,3.4641016151377544,3.872983346207417,inf,1.0
Equalizer16,5.744562646538029,4.69041575982343,inf,4.123105625617661
Eternality,inf,7.681145747868608,7.416198487095663,1.4142135623730951
EthanBJones_03,5.744562646538029,5.830951894845301,13.490737563232042,4.58257569495584
Eumenides_0,inf,3.872983346207417,7.211102550927978,inf
EvLauster,inf,1.4142135623730951,7.3484692283495345,1.0
ExpendableMan,3.0,3.1622776601683795,6.0,1.4142135623730951
FairlyAnonymous,5.385164807134504,4.795831523312719,7.483314773547883,7.810249675906654
FallenEye,6.164414002968976,2.6457513110645907,5.0,8.18535277187245
FeastMode,11.874342087037917,inf,15.0,14.45683229480096
Fella_shibby,4.123105625617661,5.656854249492381,4.47213595499958,2.449489742783178
Fields201,5.916079783099616,6.48074069840786,10.677078252031311,inf
Figgy66-915-598470,9.539392014169456,4.69041575982343,2.0,6.48074069840786
FilmCriticLalitRao,inf,14.798648586948742,9.486832980505138,8.06225774829855
FilmFanInTheHouse,inf,2.449489742783178,8.246211251235321,inf
FilmFanatic03,inf,2.449489742783178,11.180339887498949,inf
FilmMan47,11.090536506409418,10.04987562112089,18.411952639521967,13.2664991614216
FilmMuscle,1.0,3.3166247903554,6.782329983125268,2.449489742783178
FilmOtaku,inf,6.928203230275509,2.449489742783178,1.4142135623730951
Flagrant-Baronessa,inf,7.3484692283495345,9.055385138137417,5.0
FlashCallahan,8.306623862918075,7.0710678118654755,22.15851980616034,12.767145334803704
FlickJunkie-2,inf,4.58257569495584,1.4142135623730951,1.4142135623730951
Floated2,14.933184523068078,5.830951894845301,18.2208671582886,11.357816691600547
Fluke_Skywalker,8.306623862918075,5.916079783099616,11.958260743101398,6.928203230275509
FrankBooth_DeLarge,inf,5.0990195135927845,2.0,1.7320508075688772
GOWBTW,2.8284271247461903,7.3484692283495345,12.24744871391589,1.4142135623730951
Galina_movie_fan,inf,8.94427190999916,9.433981132056603,1.0
Geeky Randy,4.47213595499958,7.280109889280518,9.643650760992955,5.0
Genti22,8.48528137423857,4.898979485566356,5.656854249492381,8.48528137423857
GeorgeRoots,2.6457513110645907,7.3484692283495345,5.830951894845301,4.0
Gideon24,inf,1.4142135623730951,6.164414002968976,1.0
GiraffeDoor,7.615773105863909,16.278820596099706,11.789826122551595,9.643650760992955
GirishGowda,inf,4.69041575982343,13.564659966250536,1.4142135623730951
Gresh854,9.746794344808963,4.795831523312719,2.8284271247461903,4.898979485566356
Gubby-Allen,inf,10.63014581273465,7.874007874011811,9.0
HelenMary,2.8284271247461903,3.0,8.246211251235321,3.3166247903554
Hellmant,10.246950765959598,5.916079783099616,21.047565179849187,11.045361017187261
Hey_Sweden,4.69041575982343,4.898979485566356,11.0,4.58257569495584
Hollywood_Yoda,3.7416573867739413,5.196152422706632,12.0,2.6457513110645907
Horror-yo,inf,11.269427669584644,6.082762530298219,8.602325267042627
Horst_In_Translation,14.696938456699069,17.08800749063506,10.770329614269007,15.132745950421556
HotToastyRag,4.0,15.231546211727817,7.54983443527075,9.433981132056603
Howlin Wolf,8.12403840463596,5.385164807134504,8.18535277187245,4.795831523312719
I_Am_The_Taylrus,inf,3.605551275463989,6.082762530298219,1.4142135623730951
I_Love_Spielberg,inf,3.605551275463989,3.0,inf
Imdbidia,2.449489742783178,3.872983346207417,5.0,2.449489742783178
Indy-52,inf,3.7416573867739413,inf,inf
InlyCii,1.0,5.0990195135927845,6.0,2.449489742783178
Irishchatter,10.04987562112089,18.439088914585774,15.7797338380595,14.491376746189438
Isaac5855,inf,inf,6.557438524302,1.0
J_Batek_II,9.0,8.0,8.660254037844387,10.488088481701515
Jack the Ripper1888,inf,3.1622776601683795,inf,1.0
Jackpollins,inf,1.4142135623730951,9.327379053088816,inf
Jacques98,inf,17.233687939614086,5.385164807134504,2.23606797749979
JakeBrinkman,11.40175425099138,7.416198487095663,3.605551275463989,5.5677643628300215
JamesHitchcock,3.0,9.643650760992955,7.745966692414834,5.0990195135927845
James_De_Bello,7.615773105863909,1.4142135623730951,2.23606797749979,9.0
Jared_Andrews,7.937253933193772,3.3166247903554,inf,5.385164807134504
JayPatton88,9.327379053088816,7.211102550927978,8.0,3.3166247903554
Jay_Exiomo,inf,2.23606797749979,8.06225774829855,inf
JaydoDre,1.7320508075688772,3.4641016151377544,6.164414002968976,4.0
Jeremy_Urquhart,3.872983346207417,3.605551275463989,5.385164807134504,1.0
Jerghal,3.4641016151377544,2.6457513110645907,6.4031242374328485,6.48074069840786
Jerique,4.242640687119285,7.211102550927978,7.937253933193772,2.23606797749979
Jithindurden,5.385164807134504,3.0,2.23606797749979,7.0710678118654755
Jo_Blo_Movie_Critic,7.483314773547883,6.324555320336759,5.656854249492381,5.830951894845301
JoeB131,9.486832980505138,9.433981132056603,13.228756555322953,6.48074069840786
JoeKarlosi,inf,4.123105625617661,4.69041575982343,4.58257569495584
JohnRayPeterson,2.0,2.449489742783178,8.12403840463596,1.0
Johnny-the-Film-Sentinel-2187,7.681145747868608,8.602325267042627,11.0,4.242640687119285
Jonathon_Natsis,1.0,3.0,8.660254037844387,4.358898943540674
Jonny_Numb,inf,6.4031242374328485,10.246950765959598,2.8284271247461903
JoshtheGiant,inf,5.916079783099616,7.3484692283495345,1.4142135623730951
K3nzit,11.224972160321824,10.583005244258363,8.660254037844387,8.246211251235321
KUAlum26,inf,8.12403840463596,10.770329614269007,1.0
KalKenobi83,8.0,7.874007874011811,18.384776310850235,9.899494936611665
Karl Self,7.54983443527075,6.6332495807108,10.954451150103322,5.0
Kdosda_Hegen,16.09347693943108,20.808652046684813,11.661903789690601,16.34013463836819
KeremUlucay,3.605551275463989,2.8284271247461903,2.6457513110645907,2.449489742783178
KnightsofNi11,1.0,5.0,6.708203932499369,2.23606797749979
Kubris,inf,4.795831523312719,10.04987562112089,1.7320508075688772
L_Copa,7.280109889280518,7.745966692414834,11.575836902790225,4.358898943540674
La Gremlin,inf,4.58257569495584,4.0,4.0
Laakbaar,4.898979485566356,4.242640687119285,14.352700094407323,4.0
Lady_Targaryen,inf,5.0990195135927845,5.0990195135927845,3.1622776601683795
LazySod,inf,2.6457513110645907,7.416198487095663,2.0
LebowskiT1000,inf,8.18535277187245,3.1622776601683795,1.0
Lejink,9.433981132056603,9.38083151964686,14.594519519326424,7.483314773547883
LeonardKniffel,1.4142135623730951,2.449489742783178,5.744562646538029,inf
Lewis_Heather787,5.0,4.123105625617661,5.385164807134504,4.123105625617661
Likes_Ninjas90,5.656854249492381,8.48528137423857,14.66287829861518,8.426149773176359
Lily_hoho,3.872983346207417,6.557438524302,5.656854249492381,3.872983346207417
LivingDog,inf,6.164414002968976,inf,1.0
LloydBayer,5.744562646538029,4.69041575982343,5.830951894845301,3.4641016151377544
LoneWolfAndCub,inf,5.291502622129181,9.055385138137417,1.7320508075688772
Luigi Di Pilla,11.661903789690601,9.9498743710662,14.696938456699069,5.385164807134504
MBunge,inf,4.47213595499958,5.744562646538029,2.23606797749979
MCMAYNERBERRY,inf,5.291502622129181,16.0312195418814,3.0
MF210,inf,2.449489742783178,inf,1.0
MGPT80,3.1622776601683795,7.280109889280518,5.385164807134504,2.0
MJB784,10.0,4.47213595499958,4.242640687119285,9.38083151964686
MOscarbradley,7.416198487095663,8.0,5.916079783099616,1.7320508075688772
MR_Heraclius,5.0990195135927845,6.4031242374328485,13.114877048604,5.385164807134504
Macleanie,3.3166247903554,6.928203230275509,11.661903789690601,2.449489742783178
Majikat76,3.872983346207417,2.6457513110645907,4.358898943540674,1.4142135623730951
Maleplatypus,13.228756555322953,7.3484692283495345,9.486832980505138,12.489995996796797
Maniac-9,inf,5.0990195135927845,11.532562594670797,inf
Manthorpe,inf,5.5677643628300215,3.0,1.4142135623730951
Marc_Israel_365,4.47213595499958,5.5677643628300215,13.076696830622021,4.795831523312719
MartianOctocretr5,1.0,2.6457513110645907,4.47213595499958,inf
Marwan-Bob,2.23606797749979,5.0990195135927845,4.47213595499958,3.1622776601683795
Marx_Bros_Fan86,6.782329983125268,4.898979485566356,5.0,4.358898943540674
MattBrady099,6.708203932499369,5.291502622129181,2.0,8.426149773176359
Matt_Layden,2.23606797749979,4.358898943540674,12.767145334803704,4.242640687119285
MattyAndAnnika,14.035668847618199,4.358898943540674,2.0,17.175564037317667
MaxBorg89,inf,8.94427190999916,16.0312195418814,1.4142135623730951
MaximumMadness,6.6332495807108,5.0990195135927845,11.61895003862225,5.5677643628300215
Maziun,inf,6.4031242374328485,10.677078252031311,inf
Meven_Stoffat,inf,11.224972160321824,11.575836902790225,inf
Michael Kenmore,8.06225774829855,12.96148139681572,5.5677643628300215,11.180339887498949
MichaelMRamey,5.744562646538029,4.0,2.0,1.7320508075688772
MichaelMargetis,inf,2.449489742783178,8.12403840463596,inf
MickeyTheConstant,5.744562646538029,2.449489742783178,2.449489742783178,8.0
MihaiSorinToma,10.099504938362077,8.246211251235321,12.96148139681572,7.810249675906654
Mike_Devine,10.14889156509222,2.0,4.0,4.69041575982343
MikesIDhasbeentaken,10.198039027185569,8.717797887081348,2.0,9.591663046625438
MissSimonetta,8.48528137423857,6.6332495807108,3.7416573867739413,4.69041575982343
Mitch-25,inf,4.358898943540674,4.898979485566356,1.0
Mnemosyne15,1.4142135623730951,9.797958971132712,7.54983443527075,3.0
Monotreme02,inf,3.1622776601683795,9.695359714832659,1.0
Movie Nuttball,inf,5.0,8.0,1.4142135623730951
Movie-12,inf,5.916079783099616,2.8284271247461903,1.0
MovieAddict2016,1.0,12.569805089976535,15.874507866387544,2.23606797749979
MovieCriticOnline,15.264337522473747,12.649110640673518,9.9498743710662,10.862780491200215
MovieGuy109,inf,7.483314773547883,10.44030650891055,2.6457513110645907
MovieManMenzel,inf,1.0,4.0,inf
MovieZoo,inf,2.23606797749979,12.0,inf
Mr-Fusion,9.327379053088816,10.488088481701515,13.92838827718412,11.789826122551595
MrDHWong,7.211102550927978,5.830951894845301,1.0,5.291502622129181
MrGKB,inf,3.0,6.164414002968976,2.23606797749979
MrPupkin,3.1622776601683795,7.280109889280518,9.055385138137417,2.449489742783178
Mr_Sensitive,inf,1.7320508075688772,9.273618495495704,1.4142135623730951
Muhammad_Rafeeq,6.6332495807108,7.483314773547883,15.165750888103101,7.483314773547883
NateWatchesCoolMovies,4.242640687119285,5.196152422706632,9.327379053088816,5.5677643628300215
Nazi_Fighter_David,inf,5.291502622129181,9.1104335791443,1.4142135623730951
OMTR,5.830951894845301,5.830951894845301,11.40175425099138,2.8284271247461903
Offworld_Colony,12.0,8.48528137423857,11.313708498984761,9.848857801796104
Okonh0wp,2.0,1.0,7.280109889280518,3.0
OllieSuave-007,5.385164807134504,11.313708498984761,13.2664991614216,10.04987562112089
OriginalMovieBuff21,inf,7.416198487095663,8.18535277187245,inf
OttoVonB,8.660254037844387,6.082762530298219,3.4641016151377544,7.3484692283495345
Ozzy2000,inf,19.157244060668017,4.0,9.055385138137417
PIST-OFF,inf,10.908712114635714,5.0990195135927845,1.7320508075688772
PWNYCNY,12.36931687685298,13.0,20.518284528683193,15.264337522473747
PartialMovieViewer,11.180339887498949,9.219544457292887,16.941074346097416,15.231546211727817
PassPopcorn,inf,2.0,9.1104335791443,inf
PatrynXX,2.449489742783178,5.0990195135927845,3.7416573867739413,2.0
Pavel-8,inf,3.7416573867739413,9.433981132056603,inf
Peach-2,inf,6.082762530298219,1.0,1.0
Pedro_H,inf,5.916079783099616,5.0990195135927845,1.0
PersianPlaya408,inf,4.123105625617661,8.246211251235321,1.0
PetarNeo,7.54983443527075,6.782329983125268,3.1622776601683795,4.0
Petey-10,inf,8.366600265340756,8.0,1.7320508075688772
Philby-3,inf,3.1622776601683795,6.557438524302,inf
PipAndSqueak,11.958260743101398,4.795831523312719,9.38083151964686,11.445523142259598
Polaris_DiB,inf,8.12403840463596,10.63014581273465,inf
Pooooh,2.8284271247461903,3.605551275463989,3.3166247903554,2.6457513110645907
Prashast_Singh,5.0990195135927845,5.656854249492381,14.89966442575134,4.69041575982343
PredragReviews,inf,2.6457513110645907,3.1622776601683795,inf
Prichards12345,10.099504938362077,9.16515138991168,6.708203932499369,10.723805294763608
ProjectAnomaly,8.366600265340756,8.94427190999916,7.937253933193772,5.0990195135927845
Pukeonthestreet,4.242640687119285,6.0,7.14142842854285,2.6457513110645907
Pumpkin_Man,3.7416573867739413,8.366600265340756,14.560219778561036,4.0
PyroSikTh,5.477225575051661,2.0,6.782329983125268,4.898979485566356
Quebec_Dragon,inf,3.4641016151377544,7.0,1.0
Quicksand,inf,2.449489742783178,4.47213595499958,inf
Quietb-1,10.770329614269007,8.06225774829855,13.076696830622021,8.888194417315589
RCWjr,inf,3.1622776601683795,5.744562646538029,1.0
RIK-22,7.810249675906654,23.323807579381203,6.324555320336759,9.0
RJBurke1942,inf,9.055385138137417,5.291502622129181,inf
RNMorton,7.14142842854285,10.198039027185569,7.3484692283495345,5.477225575051661
RainDogJr,inf,5.477225575051661,13.152946437965905,inf
Rainey-Dawn,1.0,6.48074069840786,7.937253933193772,2.0
Ramascreen,6.928203230275509,2.0,6.4031242374328485,10.14889156509222
Rammstein-2,inf,3.872983346207417,5.0,1.4142135623730951
RatedVforVinny,4.58257569495584,3.7416573867739413,9.055385138137417,5.477225575051661
Rectangular_businessman,1.0,10.677078252031311,13.96424004376894,2.0
Red-125,1.0,6.855654600401044,3.7416573867739413,1.0
Red-Barracuda,2.0,7.810249675906654,7.0,1.7320508075688772
Rendanlovell,9.38083151964686,3.3166247903554,2.0,9.539392014169456
Reno-Rangan,6.928203230275509,5.385164807134504,9.848857801796104,7.483314773547883
RevRonster,4.898979485566356,6.324555320336759,9.1104335791443,6.244997998398398
RforFilm,11.661903789690601,7.3484692283495345,5.477225575051661,9.643650760992955
RhapsodyReviews,2.8284271247461903,5.385164807134504,3.605551275463989,inf
Ric-7,inf,4.0,6.4031242374328485,inf
Rich B,inf,5.0990195135927845,3.1622776601683795,inf
RichardSRussell-1,1.7320508075688772,1.0,7.810249675906654,2.0
Richie-67-485852,7.3484692283495345,6.082762530298219,3.7416573867739413,6.244997998398398
RickHarvey,inf,3.872983346207417,6.782329983125268,inf
Rickting,5.196152422706632,7.0,7.937253933193772,5.656854249492381
Rob_Taylor,7.0710678118654755,8.12403840463596,6.4031242374328485,11.090536506409418
Rogue-32,inf,4.47213595499958,8.774964387392123,inf
RossRivero99,2.23606797749979,10.908712114635714,12.206555615733702,3.4641016151377544
RussHog,17.60681686165901,5.0990195135927845,3.0,7.280109889280518
Ryan_MYeah,inf,3.872983346207417,12.922847983320086,inf
SAMTHEBESTEST,2.0,1.7320508075688772,inf,4.47213595499958
SKG-2,inf,3.4641016151377544,2.449489742783178,2.0
SMLA11,inf,5.0,5.916079783099616,inf
SafReviews,4.898979485566356,6.244997998398398,4.795831523312719,6.557438524302
Samiam3,4.47213595499958,6.164414002968976,8.54400374531753,6.6332495807108
Sandcooler,1.0,5.744562646538029,5.916079783099616,3.0
Scarecrow-88,1.4142135623730951,4.0,7.483314773547883,1.4142135623730951
Scars_Remain,inf,5.0990195135927845,1.0,inf
Screen_Blitz,7.211102550927978,5.0990195135927845,15.427248620541512,7.211102550927978
SeminolePhenom,inf,3.872983346207417,inf,inf
Semisonic,6.782329983125268,4.47213595499958,3.0,6.244997998398398
Seraphion,4.69041575982343,7.874007874011811,10.44030650891055,11.180339887498949
Sergeant_Tibbs,4.69041575982343,6.082762530298219,12.649110640673518,6.557438524302
Sfpsycho415,inf,7.0,6.0,1.0
ShelbyTMItchell,4.795831523312719,4.123105625617661,13.601470508735444,2.8284271247461903
Sherazade,5.0,2.23606797749979,7.14142842854285,6.48074069840786
ShootingShark,1.0,7.0710678118654755,6.855654600401044,3.3166247903554
Shyinx,1.0,10.295630140987,9.1104335791443,4.795831523312719
Silverzero,inf,11.661903789690601,1.0,inf
SimonJack,inf,8.54400374531753,8.54400374531753,5.830951894845301
Sirus_the_Virus,inf,7.14142842854285,14.66287829861518,1.4142135623730951
Sleepin_Dragon,8.18535277187245,4.47213595499958,2.449489742783178,3.872983346207417
SmileysWorld,inf,8.717797887081348,8.774964387392123,3.0
SnakesOnAnAfricanPlain,inf,5.0990195135927845,10.44030650891055,inf
SonicStuart,inf,3.1622776601683795,5.0990195135927845,1.0
Spanner-2,1.4142135623730951,2.449489742783178,3.1622776601683795,inf
Sparrowmaniac,inf,3.0,5.656854249492381,inf
Spike-Washington,2.23606797749979,4.123105625617661,7.745966692414834,5.196152422706632
Spleen,inf,14.730919862656235,2.23606797749979,1.7320508075688772
Spondonman,3.1622776601683795,5.0990195135927845,9.899494936611665,4.898979485566356
Spuzzlightyear,inf,3.872983346207417,3.0,1.0
SquigglyCrunch,11.313708498984761,8.717797887081348,10.583005244258363,14.071247279470288
Stampsfightclub,inf,6.928203230275509,11.874342087037917,1.4142135623730951
Steffi_P,inf,9.591663046625438,1.4142135623730951,4.242640687119285
StevePulaski,5.0990195135927845,8.774964387392123,16.0312195418814,8.18535277187245
StonedMagician,inf,2.449489742783178,12.806248474865697,inf
Superunknovvn,inf,5.291502622129181,5.916079783099616,inf
Sylviastel,2.23606797749979,7.810249675906654,8.94427190999916,2.0
TOMASBBloodhound,1.0,5.385164807134504,9.591663046625438,1.4142135623730951
TOMNEL,inf,4.69041575982343,9.848857801796104,1.7320508075688772
Takethispunch,5.477225575051661,17.146428199482248,11.61895003862225,3.4641016151377544
TalesfromTheCryptfan,inf,8.06225774829855,4.47213595499958,1.4142135623730951
Tcarts76,4.0,1.0,10.862780491200215,inf
TdSmth5,7.745966692414834,5.196152422706632,12.449899597988733,6.928203230275509
Tehmeh,6.324555320336759,6.164414002968976,7.681145747868608,6.244997998398398
Terryfan,7.937253933193772,2.449489742783178,12.0,3.4641016151377544
Thanos_Alfie,4.58257569495584,inf,7.483314773547883,4.358898943540674
Thanos_Karagioras,2.6457513110645907,inf,3.1622776601683795,2.6457513110645907
Thats_some_scary_stuff_Reviews,inf,5.5677643628300215,8.888194417315589,inf
The Grand Master,3.605551275463989,4.69041575982343,8.306623862918075,6.4031242374328485
The-Sarkologist,9.055385138137417,10.908712114635714,16.217274740226856,9.0
TheBlueHairedLawyer,inf,12.489995996796797,9.38083151964686,7.0
TheHande,inf,4.358898943540674,4.58257569495584,3.1622776601683795
TheHoodOfSwords,3.4641016151377544,4.242640687119285,7.0710678118654755,4.47213595499958
TheMan3051,inf,3.605551275463989,5.0,inf
TheMovieDiorama,8.54400374531753,6.928203230275509,15.459624833740307,6.855654600401044
TheNabOwnzz,inf,5.5677643628300215,5.656854249492381,3.1622776601683795
TheNorthernMonkee,3.0,5.656854249492381,2.8284271247461903,1.7320508075688772
TheOneThatYouWanted,19.235384061671343,7.14142842854285,7.615773105863909,18.275666882497067
TheSquiss,1.0,2.449489742783178,16.941074346097416,inf
TheUnknown837-1,inf,8.717797887081348,10.908712114635714,2.23606797749979
The_Amazing_Spy_Rises,inf,5.385164807134504,10.04987562112089,inf
The_Core,inf,5.830951894845301,inf,1.0
The_Movie_Cat,2.0,7.280109889280518,3.0,3.0
The_Orenda,inf,3.4641016151377544,5.0990195135927845,inf
The_Void,inf,5.385164807134504,11.661903789690601,1.0
The_Wood,inf,3.872983346207417,3.0,inf
Theo Robertson,6.4031242374328485,15.394804318340652,12.165525060596439,10.488088481701515
ThomasDrufke,9.539392014169456,9.848857801796104,16.1245154965971,8.18535277187245
Thrashman88,2.449489742783178,2.6457513110645907,5.830951894845301,inf
TopDawgCritic,9.38083151964686,5.385164807134504,10.723805294763608,4.47213595499958
Treyroo,inf,inf,9.1104335791443,inf
Troy_Campbell,8.426149773176359,4.69041575982343,15.033296378372908,9.433981132056603
Tss5078,8.660254037844387,8.717797887081348,14.0,5.656854249492381
Turfseer,15.905973720586866,17.175564037317667,17.60681686165901,16.431676725154983
Tweetienator,16.06237840420901,9.643650760992955,9.055385138137417,7.3484692283495345
Tyson14,4.123105625617661,6.557438524302,11.489125293076057,3.605551275463989
UniqueParticle,6.244997998398398,8.06225774829855,13.711309200802088,4.69041575982343
Uriah43,8.831760866327848,7.0,9.643650760992955,9.486832980505138
Vivekmaru45,9.643650760992955,7.483314773547883,8.660254037844387,8.602325267042627
WeAreLive,10.908712114635714,3.0,6.244997998398398,8.246211251235321
Wisesoldierthe6,8.426149773176359,9.1104335791443,9.591663046625438,10.04987562112089
Woodyanders,1.4142135623730951,3.7416573867739413,9.327379053088816,inf
WriterDave,inf,6.244997998398398,12.083045973594572,1.7320508075688772
WubsTheFadger,2.449489742783178,4.0,6.4031242374328485,1.4142135623730951
Wuchakk,8.18535277187245,9.486832980505138,10.954451150103322,9.591663046625438
XweAponX,7.745966692414834,6.082762530298219,18.788294228055936,9.38083151964686
Zbigniew_Krycsiwiki,12.649110640673518,6.244997998398398,10.770329614269007,8.660254037844387
Ziya90,13.638181696985855,13.076696830622021,12.449899597988733,14.798648586948742
a_chinn,3.872983346207417,3.872983346207417,7.745966692414834,4.47213595499958
abcvision,1.0,3.605551275463989,11.74734012447073,3.0
abouhelier-r,7.483314773547883,3.4641016151377544,3.1622776601683795,8.54400374531753
acedj,3.7416573867739413,4.58257569495584,4.0,5.0
achyutaghosh,1.4142135623730951,4.242640687119285,13.490737563232042,inf
aciessi,6.782329983125268,3.4641016151377544,1.7320508075688772,5.830951894845301
ackstasis,inf,6.928203230275509,9.9498743710662,2.449489742783178
adamscastlevania2,3.1622776601683795,4.0,9.486832980505138,5.291502622129181
adrongardner,8.18535277187245,7.483314773547883,13.228756555322953,7.3484692283495345
aesgaard41,1.0,4.358898943540674,8.306623862918075,1.0
afonsobritofalves,1.0,5.196152422706632,2.23606797749979,1.4142135623730951
agmoldham,13.2664991614216,14.52583904633395,11.40175425099138,13.038404810405298
aharmas,12.649110640673518,14.730919862656235,24.145392935299274,11.090536506409418
aidanratesmovies,4.69041575982343,4.47213595499958,7.810249675906654,3.1622776601683795
ajs-10,inf,4.898979485566356,9.848857801796104,inf
akash_sebastian,inf,4.358898943540674,9.055385138137417,1.0
alansabljakovic-39044,5.5677643628300215,7.211102550927978,6.324555320336759,4.0
alcantaraj-16594,5.385164807134504,5.744562646538029,8.06225774829855,2.8284271247461903
alexpitt-345-971699,4.898979485566356,5.196152422706632,6.0,2.8284271247461903
alindsay-al,11.0,7.745966692414834,17.635192088548397,7.937253933193772
allanmichael30,13.892443989449804,7.416198487095663,4.0,inf
aminifatimaaa,3.0,1.4142135623730951,4.123105625617661,inf
andrewchristianjr,3.1622776601683795,7.0710678118654755,10.954451150103322,2.0
andrewnmiller,4.795831523312719,6.708203932499369,11.224972160321824,4.47213595499958
andrewroy-04316,9.273618495495704,6.324555320336759,4.795831523312719,6.4031242374328485
andro-dolic,1.4142135623730951,3.7416573867739413,9.591663046625438,1.0
anhedonia,inf,8.94427190999916,7.874007874011811,inf
anselmdaniel,4.69041575982343,3.7416573867739413,9.9498743710662,4.0
antagonist117,inf,7.14142842854285,4.795831523312719,inf
anthonydapiii,2.23606797749979,5.0990195135927845,3.0,2.6457513110645907
anton-6,inf,7.615773105863909,3.7416573867739413,1.7320508075688772
antoniotierno,3.605551275463989,4.358898943540674,8.12403840463596,2.449489742783178
apararas,4.123105625617661,1.7320508075688772,2.0,3.3166247903554
aram81,2.8284271247461903,7.615773105863909,3.0,6.0
areatw,13.564659966250536,9.797958971132712,10.63014581273465,13.490737563232042
arfdawg-1,23.194827009486403,13.638181696985855,9.9498743710662,8.774964387392123
arjunflamingfeather,7.54983443527075,5.830951894845301,15.905973720586866,4.358898943540674
arthera09,inf,4.58257569495584,8.18535277187245,inf
arthur_tafero,7.615773105863909,6.0,6.164414002968976,7.745966692414834
arthurclay,inf,4.898979485566356,4.47213595499958,1.4142135623730951
asda-man,2.6457513110645907,6.4031242374328485,11.61895003862225,4.795831523312719
asifahsankhan,4.0,4.0,6.082762530298219,5.0990195135927845
asocialis,inf,11.445523142259598,11.789826122551595,6.082762530298219
atinder,inf,2.23606797749979,7.0,inf
atlasmb,5.196152422706632,6.082762530298219,7.0,4.358898943540674
austin0731,7.0,1.4142135623730951,inf,2.6457513110645907
autisticreviewers,6.855654600401044,4.358898943540674,inf,6.0
avik-basu1889,4.69041575982343,4.898979485566356,2.23606797749979,4.123105625617661
axismladen,inf,6.48074069840786,6.855654600401044,2.0
axlrhodes,inf,5.196152422706632,6.782329983125268,1.4142135623730951
ayoreinf,4.242640687119285,1.7320508075688772,6.557438524302,4.58257569495584
badajoz-1,7.3484692283495345,16.401219466856727,13.96424004376894,11.40175425099138
bandw,inf,12.165525060596439,7.937253933193772,1.0
bankofmarquis,7.615773105863909,5.830951894845301,9.38083151964686,7.483314773547883
barbagvido,7.0710678118654755,6.6332495807108,4.0,5.196152422706632
barberoux,inf,2.6457513110645907,2.449489742783178,3.0
barnabyrudge,inf,4.69041575982343,7.211102550927978,1.4142135623730951
barrys82,inf,4.358898943540674,13.92838827718412,inf
basilisksamuk,6.0,8.717797887081348,11.61895003862225,12.449899597988733
basrutten,inf,6.0,7.416198487095663,1.0
bat-5,inf,3.872983346207417,1.4142135623730951,inf
baumer,inf,3.7416573867739413,11.40175425099138,4.358898943540674
bbewnylorac,4.47213595499958,2.6457513110645907,5.477225575051661,2.0
begob,6.0,5.196152422706632,5.5677643628300215,7.211102550927978
beresfordjd,8.774964387392123,6.244997998398398,10.246950765959598,8.306623862918075
bevo-13678,6.164414002968976,10.488088481701515,20.346989949375804,7.0710678118654755
bgar-80932,4.242640687119285,3.7416573867739413,3.4641016151377544,5.916079783099616
bheadher,13.341664064126334,9.848857801796104,8.0,10.535653752852738
bhernandez2216,6.6332495807108,4.795831523312719,9.746794344808963,4.0
billcr12,4.795831523312719,13.038404810405298,9.695359714832659,7.937253933193772
billion_mucks,inf,5.916079783099616,8.888194417315589,inf
billygoat1071,3.1622776601683795,4.242640687119285,17.378147196982766,3.1622776601683795
bix171,3.1622776601683795,5.5677643628300215,3.7416573867739413,4.242640687119285
bkoganbing,7.0,11.789826122551595,14.071247279470288,5.5677643628300215
bkrauser-81-311064,9.797958971132712,4.242640687119285,4.795831523312719,7.810249675906654
blackburnj-1,inf,4.58257569495584,8.774964387392123,1.4142135623730951
blacklist-1,inf,8.246211251235321,12.727922061357855,inf
blackmamba99971,2.449489742783178,6.928203230275509,19.390719429665317,2.8284271247461903
blairgallop7,inf,3.605551275463989,5.385164807134504,inf
blanbrn,6.324555320336759,6.928203230275509,16.0312195418814,7.681145747868608
blanche-2,3.7416573867739413,6.6332495807108,15.362291495737216,5.0990195135927845
bluesman-20,inf,3.1622776601683795,14.0,inf
blumdeluxe,4.47213595499958,2.449489742783178,6.557438524302,5.916079783099616
bob-rutzel-1,inf,8.12403840463596,22.47220505424423,1.0
bob-the-movie-man,9.219544457292887,5.830951894845301,1.0,7.280109889280518
bobbobwhite,4.47213595499958,4.358898943540674,7.937253933193772,3.0
bobsgrock,inf,7.211102550927978,9.433981132056603,1.7320508075688772
bombersflyup,12.449899597988733,6.164414002968976,3.872983346207417,6.48074069840786
bopdog,8.774964387392123,5.196152422706632,9.0,inf
bowmanblue,6.0,5.0,17.804493814764857,8.306623862918075
braddugg,4.795831523312719,14.422205101855956,10.862780491200215,8.602325267042627
bradeybonnell,2.449489742783178,4.898979485566356,1.7320508075688772,1.4142135623730951
brando647,4.123105625617661,6.324555320336759,16.431676725154983,4.358898943540674
brankovranjkovic,7.54983443527075,5.5677643628300215,inf,8.366600265340756
bravesfanc,3.1622776601683795,inf,6.855654600401044,3.3166247903554
brchthethird,3.605551275463989,4.898979485566356,7.280109889280518,5.5677643628300215
breakdownthatfilm-blogspot-com,3.0,2.23606797749979,8.717797887081348,3.3166247903554
brenttraft,inf,8.426149773176359,9.539392014169456,1.0
brett-76260,10.392304845413264,12.288205727444508,9.848857801796104,6.0
brian_r_wright,inf,5.830951894845301,3.605551275463989,6.0
brianberta,5.0,11.090536506409418,3.605551275463989,8.12403840463596
bryanbezter,2.23606797749979,1.0,3.872983346207417,2.8284271247461903
bryank-04844,5.196152422706632,5.196152422706632,9.219544457292887,7.810249675906654
bsinc,inf,4.358898943540674,3.1622776601683795,inf
buiger,inf,7.211102550927978,4.358898943540674,inf
burlesonjesse5,9.899494936611665,6.164414002968976,7.211102550927978,7.937253933193772
callanvass,3.0,8.246211251235321,12.449899597988733,3.7416573867739413
calspers,3.7416573867739413,3.0,6.782329983125268,1.4142135623730951
capone666,10.04987562112089,5.196152422706632,13.820274961085254,11.789826122551595
carbuff,2.0,6.708203932499369,7.810249675906654,6.48074069840786
cardsrock,4.69041575982343,4.358898943540674,4.242640687119285,inf
carlos37andre,6.855654600401044,4.123105625617661,7.280109889280518,4.358898943540674
caseynicholson,5.830951894845301,5.385164807134504,11.40175425099138,10.392304845413264
caspian1978,2.0,5.196152422706632,2.0,6.324555320336759
cat_ranchero,inf,4.123105625617661,11.704699910719626,inf
cdjh-81125,4.69041575982343,7.483314773547883,15.524174696260024,4.358898943540674
charchuk,inf,4.242640687119285,10.954451150103322,1.0
cherold,9.327379053088816,9.055385138137417,13.228756555322953,5.385164807134504
chrichtonsworld,6.782329983125268,6.324555320336759,3.605551275463989,5.0
chrisbrown6453,inf,2.6457513110645907,inf,inf
christian123,inf,1.0,5.656854249492381,inf
christophe92300,inf,10.488088481701515,11.0,5.0
christopher-underwood,3.872983346207417,3.872983346207417,5.5677643628300215,5.196152422706632
christophershobris,5.291502622129181,4.358898943540674,4.58257569495584,4.898979485566356
chubarova,3.1622776601683795,4.795831523312719,7.0710678118654755,2.23606797749979
cinematic_aficionado,inf,7.0,9.16515138991168,4.0
cinephile-27690,1.0,8.602325267042627,7.615773105863909,7.416198487095663
ciscokid1970,inf,3.4641016151377544,4.795831523312719,3.0
classicalsteve,4.123105625617661,10.198039027185569,8.12403840463596,6.244997998398398
claudonio,inf,3.7416573867739413,inf,1.7320508075688772
cleary-joshua,inf,5.744562646538029,11.40175425099138,1.0
cliftonofun,10.04987562112089,5.385164807134504,8.246211251235321,10.63014581273465
coasterdude44,4.0,4.242640687119285,3.7416573867739413,4.0
colewaters,12.68857754044952,7.810249675906654,2.0,12.206555615733702
colinrgeorge,inf,2.449489742783178,7.280109889280518,inf
colonel_green,inf,6.557438524302,9.695359714832659,inf
come2whereimfrom,inf,8.18535277187245,6.082762530298219,5.0
commandercool88,inf,5.0,5.385164807134504,1.0
coreyjdenford,7.3484692283495345,4.58257569495584,inf,4.69041575982343
cosmo_tiger,7.54983443527075,6.244997998398398,17.72004514666935,11.874342087037917
cosmorados,inf,8.18535277187245,3.7416573867739413,6.0
craig-hopton,3.3166247903554,4.795831523312719,9.746794344808963,3.4641016151377544
critic-22,inf,3.605551275463989,2.23606797749979,1.0
cruise01,6.4031242374328485,5.385164807134504,6.164414002968976,1.0
ctowyi,5.656854249492381,5.291502622129181,inf,6.782329983125268
cultfilmfan,4.358898943540674,7.745966692414834,16.822603841260722,5.291502622129181
cultfilmfreaksdotcom,11.090536506409418,8.831760866327848,17.029386365926403,15.652475842498529
dallasryan,2.23606797749979,2.8284271247461903,5.916079783099616,inf
danielharden,6.4031242374328485,3.4641016151377544,2.23606797749979,8.774964387392123
dar0417,13.2664991614216,7.280109889280518,7.3484692283495345,12.727922061357855
datautisticgamer-74853,2.8284271247461903,4.242640687119285,5.196152422706632,2.449489742783178
datorsiers2,5.477225575051661,4.58257569495584,5.291502622129181,5.477225575051661
dave-mcclain,9.055385138137417,2.6457513110645907,8.48528137423857,7.745966692414834
davideo-2,12.24744871391589,12.0,20.223748416156685,11.40175425099138
davidgee,6.557438524302,7.937253933193772,9.899494936611665,7.14142842854285
davidmvining,7.0,7.0,9.848857801796104,6.0
davispittman,5.291502622129181,5.916079783099616,16.15549442140351,6.164414002968976
davydteather,inf,4.795831523312719,9.695359714832659,inf
dbborroughs,inf,9.848857801796104,12.649110640673518,inf
dbdumonteil,inf,10.816653826391969,4.123105625617661,3.1622776601683795
dead47548,inf,6.48074069840786,12.529964086141668,2.0
deastman_uk,6.48074069840786,3.872983346207417,6.48074069840786,5.916079783099616
deatman9,inf,10.0,10.44030650891055,inf
dee.reid,4.123105625617661,10.198039027185569,15.066519173319364,3.1622776601683795
deloudelouvain,12.0,5.0990195135927845,3.3166247903554,11.832159566199232
denis888,16.76305461424021,17.74823934929885,18.411952639521967,15.394804318340652
departed07,inf,5.5677643628300215,6.557438524302,1.0
destinylives52,3.7416573867739413,2.8284271247461903,6.782329983125268,3.872983346207417
dfa120374,4.0,1.7320508075688772,12.24744871391589,7.416198487095663
dfle3,4.242640687119285,4.795831523312719,13.638181696985855,5.0
dfranzen70,3.3166247903554,8.0,17.435595774162696,5.5677643628300215
diac228,4.47213595499958,5.5677643628300215,12.569805089976535,5.916079783099616
diane-34,5.0,3.605551275463989,9.591663046625438,6.0
didi-5,inf,8.0,inf,1.0
dierregi,12.12435565298214,14.560219778561036,11.789826122551595,12.12435565298214
digitalbeachbum,17.204650534085253,15.132745950421556,17.663521732655695,13.416407864998739
dilipbts,4.795831523312719,1.7320508075688772,10.392304845413264,6.324555320336759
dineshaishu,3.872983346207417,3.3166247903554,6.557438524302,6.082762530298219
disdressed12,5.5677643628300215,14.247806848775006,16.852299546352718,10.44030650891055
dj_xand325,inf,3.7416573867739413,4.58257569495584,3.1622776601683795
djfrost-46786,3.7416573867739413,4.795831523312719,3.872983346207417,4.242640687119285
djurrepower,2.0,3.0,6.324555320336759,2.23606797749979
dobbin-4,inf,4.0,6.708203932499369,3.7416573867739413
dockerykelli,6.324555320336759,4.47213595499958,14.866068747318506,2.8284271247461903
doctorsmoothlove,1.0,2.8284271247461903,9.327379053088816,inf
domino1003,inf,4.58257569495584,5.385164807134504,1.0
donaldricco,3.7416573867739413,6.164414002968976,2.23606797749979,3.872983346207417
donuthaters12,inf,4.123105625617661,13.341664064126334,1.0
doomedmac,3.1622776601683795,5.477225575051661,8.94427190999916,3.605551275463989
dpolwatte,4.358898943540674,2.0,8.06225774829855,5.656854249492381
dr_foreman,inf,9.899494936611665,1.0,2.0
dragokin,7.280109889280518,14.628738838327793,11.61895003862225,10.246950765959598
drawlife,6.324555320336759,3.0,6.708203932499369,4.58257569495584
dromasca,6.324555320336759,8.246211251235321,13.341664064126334,7.0
droog-56936,5.477225575051661,4.58257569495584,7.54983443527075,3.605551275463989
drownnnsoda,1.7320508075688772,2.8284271247461903,5.385164807134504,1.7320508075688772
drqshadow-reviews,8.774964387392123,9.16515138991168,14.45683229480096,9.539392014169456
drystyx,8.54400374531753,12.041594578792296,12.68857754044952,9.219544457292887
dunmore_ego,inf,4.58257569495584,12.767145334803704,2.23606797749979
dvc5159,2.0,4.358898943540674,7.681145747868608,3.872983346207417
dworldeater,5.0990195135927845,6.0,5.196152422706632,1.0
dwpollar,inf,9.38083151964686,8.06225774829855,4.47213595499958
dy158,inf,1.0,5.0990195135927845,inf
e-67102-48412,4.795831523312719,6.4031242374328485,7.615773105863909,3.872983346207417
eagandersongil,3.7416573867739413,5.196152422706632,6.6332495807108,1.7320508075688772
eberkerbatur,3.605551275463989,4.358898943540674,5.477225575051661,5.656854249492381
ebiros2,7.0,7.0710678118654755,10.295630140987,1.0
eddie_baggins,10.04987562112089,5.385164807134504,7.874007874011811,9.797958971132712
educallejero,12.0,13.638181696985855,12.529964086141668,11.958260743101398
edwagreen,14.696938456699069,11.916375287812984,21.494185260204677,18.57417562100671
elcopy,2.0,3.0,4.123105625617661,1.0
elicopperman,1.4142135623730951,3.7416573867739413,inf,6.164414002968976
elliotjeory,3.4641016151377544,9.055385138137417,10.862780491200215,1.0
elshikh4,7.0,11.357816691600547,15.7797338380595,6.782329983125268
emfern13,inf,5.291502622129181,inf,2.0
eminkl,4.0,inf,2.23606797749979,3.1622776601683795
emperor_bender,inf,5.744562646538029,5.385164807134504,1.7320508075688772
eric262003,3.3166247903554,4.47213595499958,7.615773105863909,4.0
ericrnolan,5.744562646538029,2.8284271247461903,6.557438524302,7.745966692414834
ericstevenson,3.7416573867739413,6.0,2.449489742783178,3.0
ersinkdotcom,4.0,3.4641016151377544,16.3707055437449,4.358898943540674
eshwarmail,4.795831523312719,3.3166247903554,10.0,4.58257569495584
esteban1747,inf,4.242640687119285,3.4641016151377544,3.0
estebangonzalez10,4.898979485566356,7.810249675906654,19.261360284258224,6.48074069840786
estreet-eva,6.6332495807108,6.082762530298219,7.483314773547883,9.0
evan_harvey,5.656854249492381,8.18535277187245,5.385164807134504,4.898979485566356
extravaluejotter,inf,3.0,5.0,2.0
f-57307,1.0,4.69041575982343,7.483314773547883,3.3166247903554
fernandoschiavi,2.449489742783178,2.23606797749979,7.0710678118654755,3.1622776601683795
fertilecelluloid,inf,2.8284271247461903,4.58257569495584,inf
fil-nik09,4.242640687119285,5.656854249492381,7.810249675906654,4.69041575982343
filipemanuelneto,4.69041575982343,13.74772708486752,18.083141320025124,6.164414002968976
film_riot,inf,2.6457513110645907,6.708203932499369,inf
fjhuerta-2,5.196152422706632,8.602325267042627,3.7416573867739413,4.358898943540674
fmwongmd,3.1622776601683795,2.8284271247461903,5.0,inf
fntstcplnt,9.219544457292887,4.58257569495584,2.0,5.0
framptonhollis,7.280109889280518,8.717797887081348,5.385164807134504,2.8284271247461903
freakfire-1,inf,9.899494936611665,7.3484692283495345,inf
freaky_dave,inf,3.605551275463989,4.69041575982343,1.0
fredericksmith1952,inf,1.4142135623730951,8.831760866327848,inf
freewillyfan,5.0,1.7320508075688772,8.94427190999916,2.449489742783178
freshclean-66-318608,5.744562646538029,2.449489742783178,1.4142135623730951,7.615773105863909
funkyfry,3.0,14.966629547095765,9.16515138991168,5.830951894845301
funtasticfour,3.4641016151377544,2.23606797749979,2.0,4.0
fwomp,inf,7.416198487095663,12.449899597988733,1.0
g-96059,2.449489742783178,5.5677643628300215,7.0710678118654755,2.6457513110645907
gab-14712,inf,5.830951894845301,3.0,1.7320508075688772
galahad58-1,9.591663046625438,1.0,7.937253933193772,7.745966692414834
galileo3,inf,9.797958971132712,6.928203230275509,4.242640687119285
gangstahippie,inf,4.58257569495584,6.082762530298219,1.7320508075688772
garethcrook,7.0710678118654755,3.7416573867739413,3.872983346207417,inf
gary-444,7.874007874011811,6.0,14.352700094407323,7.745966692414834
gavin-thelordofthefu-48-460297,1.4142135623730951,3.3166247903554,4.898979485566356,1.0
gavinp9,7.681145747868608,4.242640687119285,2.449489742783178,6.244997998398398
gazzo-2,inf,1.7320508075688772,4.358898943540674,1.0
gbheron,inf,2.449489742783178,5.385164807134504,inf
gbill-74877,4.358898943540674,5.291502622129181,4.58257569495584,2.8284271247461903
gcd70,inf,7.615773105863909,5.916079783099616,4.242640687119285
gelman@attglobal.net,inf,8.426149773176359,11.958260743101398,inf
generationofswine,21.563858652847824,11.40175425099138,15.811388300841896,10.0
ghost_dog86,4.58257569495584,6.082762530298219,9.9498743710662,5.291502622129181
ghostfiendghost,1.4142135623730951,3.3166247903554,2.449489742783178,inf
gigan-92,3.0,9.055385138137417,11.269427669584644,4.358898943540674
gilgongo1980,8.426149773176359,7.874007874011811,11.704699910719626,9.055385138137417
gradyharp,9.16515138991168,8.18535277187245,19.79898987322333,7.3484692283495345
grahamsj3,inf,5.916079783099616,3.872983346207417,3.1622776601683795
gregeichelberger,2.0,3.605551275463989,7.810249675906654,inf
gregsrants,4.58257569495584,3.7416573867739413,8.48528137423857,1.4142135623730951
griffolyon12,6.557438524302,11.135528725660043,20.149441679609886,7.280109889280518
grumpy-3,14.66287829861518,21.748563170931547,10.770329614269007,9.219544457292887
gsygsy,7.0710678118654755,7.14142842854285,5.196152422706632,11.874342087037917
gwnightscream,6.855654600401044,6.082762530298219,7.745966692414834,9.848857801796104
h-28658,1.4142135623730951,5.291502622129181,6.855654600401044,2.23606797749979
hall895,inf,8.888194417315589,8.888194417315589,2.23606797749979
harryplinkett14,21.77154105707724,27.676705006196094,16.61324772583615,18.35755975068582
haterofcrap,inf,5.291502622129181,11.661903789690601,1.0
headly66,11.0,6.244997998398398,7.937253933193772,4.242640687119285
heisenberg12,6.855654600401044,11.269427669584644,6.48074069840786,10.677078252031311
hellraiser7,2.0,5.291502622129181,9.797958971132712,1.4142135623730951
helpless_dancer,inf,9.38083151964686,2.0,4.47213595499958
hemant_balz,inf,6.928203230275509,11.224972160321824,1.0
henry8-3,5.0990195135927845,4.47213595499958,3.7416573867739413,inf
hitchcockthelegend,3.3166247903554,8.602325267042627,11.789826122551595,3.605551275463989
hnt_dnl,2.449489742783178,10.535653752852738,12.206555615733702,9.055385138137417
honorhorror,inf,4.0,10.862780491200215,inf
howard.schumann,5.0,7.54983443527075,7.14142842854285,3.605551275463989
hoxjennifer,3.872983346207417,3.4641016151377544,4.898979485566356,7.0710678118654755
hu675,inf,2.8284271247461903,7.0710678118654755,2.0
ianlouisiana,3.0,10.04987562112089,9.539392014169456,5.830951894845301
iguth,3.7416573867739413,3.872983346207417,8.366600265340756,1.7320508075688772
illbebackreviews,inf,10.04987562112089,9.643650760992955,2.449489742783178
ilovedolby,inf,1.7320508075688772,1.4142135623730951,inf
imseeg,10.954451150103322,3.872983346207417,15.491933384829668,10.954451150103322
inkblot11,3.7416573867739413,8.12403840463596,10.535653752852738,2.0
insomniac_rod,inf,6.0,6.324555320336759,1.0
intelearts,2.23606797749979,9.539392014169456,10.04987562112089,9.055385138137417
invisibleunicornninja,13.638181696985855,14.45683229480096,11.269427669584644,11.090536506409418
iohefy-2,inf,3.7416573867739413,8.306623862918075,inf
iquine,9.746794344808963,6.082762530298219,9.0,11.224972160321824
ironhorse_iv,6.324555320336759,6.244997998398398,15.84297951775486,5.916079783099616
itamarscomix,inf,4.58257569495584,10.723805294763608,1.4142135623730951
ivo-cobra8,14.696938456699069,7.937253933193772,15.968719422671311,15.198684153570664
j-lacerra,inf,12.165525060596439,11.445523142259598,7.0
ja_kitty_71,inf,4.358898943540674,11.357816691600547,1.0
jackasstrange,inf,5.656854249492381,10.246950765959598,1.7320508075688772
jackgdemoss,3.7416573867739413,2.0,1.4142135623730951,1.7320508075688772
jacobjohntaylor1,12.489995996796797,27.09243436828813,19.131126469708992,21.213203435596427
jadavix,7.745966692414834,3.872983346207417,1.4142135623730951,8.54400374531753
jaddison383,inf,3.3166247903554,7.14142842854285,1.4142135623730951
jadepietro,10.908712114635714,8.06225774829855,14.798648586948742,10.04987562112089
jaemiewaters,2.0,6.164414002968976,20.396078054371138,1.0
jake-law123,1.0,4.69041575982343,3.7416573867739413,1.4142135623730951
jameslinton-75252,1.0,5.291502622129181,7.3484692283495345,4.358898943540674
jamesrupert2014,7.280109889280518,4.898979485566356,7.14142842854285,3.872983346207417
jamiedarlow-37510,5.291502622129181,3.3166247903554,5.5677643628300215,1.0
japamo,3.0,2.449489742783178,7.3484692283495345,1.4142135623730951
jaredmobarak,inf,6.928203230275509,11.832159566199232,1.4142135623730951
jaredpahl,12.24744871391589,5.196152422706632,8.54400374531753,12.288205727444508
jawneyfloros,10.816653826391969,8.0,5.0,11.0
jaybob,inf,5.385164807134504,10.816653826391969,3.0
jayjaycee,3.3166247903554,4.0,4.358898943540674,1.4142135623730951
jb_campo,7.874007874011811,3.4641016151377544,11.916375287812984,7.874007874011811
jburtroald95,inf,6.48074069840786,11.704699910719626,inf
jcbutthead86,3.0,5.656854249492381,10.04987562112089,4.358898943540674
jdkraus,1.0,8.426149773176359,22.135943621178654,2.0
jemps918,inf,2.8284271247461903,11.874342087037917,inf
jerekra,inf,2.449489742783178,5.744562646538029,2.0
jessegehrig,13.527749258468683,6.324555320336759,12.36931687685298,15.394804318340652
jessie-39,inf,inf,5.0990195135927845,inf
jfgibson73,8.18535277187245,5.0990195135927845,5.744562646538029,10.908712114635714
jhaggardjr,inf,3.605551275463989,2.0,1.4142135623730951
jhclues,inf,3.4641016151377544,4.47213595499958,1.0
jimbo-53-186511,10.862780491200215,15.0,13.038404810405298,13.638181696985855
jldmp1,inf,11.135528725660043,1.4142135623730951,3.1622776601683795
jluis1984,inf,6.557438524302,2.23606797749979,1.0
joachimokeefe,11.224972160321824,15.84297951775486,12.083045973594572,11.532562594670797
joebloggscity,8.888194417315589,3.4641016151377544,10.0,8.94427190999916
joelwatchesmovies,1.7320508075688772,2.8284271247461903,5.5677643628300215,1.4142135623730951
joestank15,inf,2.6457513110645907,12.36931687685298,1.0
johnmschofield,inf,9.899494936611665,3.1622776601683795,6.48074069840786
johnnyboyz,6.557438524302,11.832159566199232,12.12435565298214,8.774964387392123
johnnymacbest,2.23606797749979,3.4641016151377544,12.328828005937952,2.0
johnnymonsarrat,inf,14.594519519326424,5.744562646538029,1.0
johnstonjames,inf,1.0,7.3484692283495345,inf
jon.h.ochiai,6.48074069840786,8.18535277187245,21.702534414210707,4.358898943540674
jonnyfendi,inf,2.23606797749979,7.810249675906654,2.0
jose-cruz53,inf,10.04987562112089,6.928203230275509,2.23606797749979
josh_lambert1991,2.449489742783178,17.663521732655695,12.609520212918492,11.135528725660043
joshbarton15,6.48074069840786,5.5677643628300215,inf,inf
joshuadrake-39480,2.0,6.244997998398398,12.041594578792296,3.7416573867739413
joshuadrake-91275,2.8284271247461903,5.916079783099616,12.569805089976535,2.449489742783178
joshuafagan-64214,3.872983346207417,7.0710678118654755,9.539392014169456,2.449489742783178
jotix100,inf,5.656854249492381,5.0990195135927845,2.23606797749979
jpintar,inf,7.54983443527075,7.3484692283495345,inf
jpschapira,inf,4.69041575982343,9.055385138137417,2.23606797749979
jrarichards,7.874007874011811,3.4641016151377544,4.47213595499958,5.385164807134504
jtindahouse,12.409673645990857,7.937253933193772,10.099504938362077,10.344080432788601
jts0405,inf,4.123105625617661,2.8284271247461903,1.0
judywalker2,11.135528725660043,11.61895003862225,11.090536506409418,8.48528137423857
julian-mumford,inf,2.6457513110645907,12.449899597988733,inf
juliankennedy23,3.1622776601683795,5.656854249492381,6.708203932499369,4.242640687119285
juneebuggy,5.385164807134504,5.291502622129181,19.209372712298546,5.744562646538029
justin-fencsak,9.273618495495704,9.591663046625438,8.774964387392123,4.795831523312719
justinwfirestone,12.68857754044952,5.0990195135927845,inf,12.165525060596439
jzappa,inf,10.14889156509222,12.328828005937952,3.4641016151377544
kairingler,inf,4.123105625617661,10.677078252031311,2.0
kannibalcorpsegrinder,1.0,4.0,7.54983443527075,1.0
karl_consiglio,inf,8.426149773176359,4.898979485566356,4.242640687119285
kdnor2011,inf,7.416198487095663,12.449899597988733,1.4142135623730951
kenandraf,inf,17.635192088548397,inf,inf
kenjha,inf,21.517434791350013,14.594519519326424,7.14142842854285
kermitkid,7.810249675906654,2.23606797749979,11.0,7.0710678118654755
ketgup83,2.8284271247461903,1.4142135623730951,11.661903789690601,3.3166247903554
kevin c,4.69041575982343,8.888194417315589,2.23606797749979,3.0
kevin_crighton,inf,1.4142135623730951,5.916079783099616,inf
kgprophet,5.196152422706632,4.795831523312719,10.04987562112089,6.855654600401044
khanbaliq2,7.14142842854285,9.9498743710662,9.273618495495704,8.426149773176359
kirbylee70-599-526179,4.795831523312719,5.196152422706632,inf,8.06225774829855
kirk-246,inf,3.872983346207417,7.483314773547883,inf
kjproulx,4.58257569495584,5.385164807134504,inf,inf
kluseba,7.14142842854285,10.246950765959598,10.723805294763608,6.557438524302
krational66,3.0,8.774964387392123,7.874007874011811,6.48074069840786
kriscot-48548,3.605551275463989,4.123105625617661,7.615773105863909,2.23606797749979
kuangzao,3.1622776601683795,5.0990195135927845,5.196152422706632,1.7320508075688772
kunalkhandwala,5.0990195135927845,4.358898943540674,11.40175425099138,6.164414002968976
kurciasbezdalas,inf,4.123105625617661,3.0,1.0
kyle-cruse,inf,5.291502622129181,7.14142842854285,3.1622776601683795
kylehodgdon,inf,2.23606797749979,8.306623862918075,1.0
kz917-1,13.2664991614216,5.196152422706632,2.23606797749979,6.48074069840786
l_rawjalaurence,5.0990195135927845,5.0,4.0,6.0
lagriff05,inf,2.6457513110645907,8.06225774829855,inf
lagudafuad,inf,6.708203932499369,6.928203230275509,4.69041575982343
lambiepie-2,8.831760866327848,9.746794344808963,5.385164807134504,1.4142135623730951
lark40,8.48528137423857,6.164414002968976,13.638181696985855,8.831760866327848
lastliberal,inf,7.14142842854285,14.730919862656235,1.7320508075688772
lastliberal-853-253708,inf,3.0,9.327379053088816,1.0
lasttimeisaw,5.744562646538029,5.385164807134504,12.96148139681572,8.366600265340756
ldavis-2,9.433981132056603,11.180339887498949,7.810249675906654,8.0
lediscipledessocrates,5.830951894845301,6.324555320336759,5.5677643628300215,7.3484692283495345
leftbanker-1,13.784048752090222,9.486832980505138,9.643650760992955,9.539392014169456
len-21,inf,8.602325267042627,inf,inf
leonblackwood,12.083045973594572,7.937253933193772,10.14889156509222,14.177446878757825
leplatypus,10.344080432788601,14.106735979665885,13.674794331177344,10.954451150103322
lewiskendell,2.0,5.477225575051661,11.40175425099138,inf
lisafordeay,7.280109889280518,5.5677643628300215,5.744562646538029,4.898979485566356
lojitsu,2.449489742783178,1.4142135623730951,5.916079783099616,2.23606797749979
lotus_chief,5.0,8.54400374531753,9.16515138991168,4.0
lucasversantvoort,4.242640687119285,5.0,3.4641016151377544,6.855654600401044
luke-a-mcgowan,10.583005244258363,7.280109889280518,9.055385138137417,10.908712114635714
lukem-52760,9.695359714832659,4.898979485566356,12.806248474865697,9.539392014169456
mOVIemAN56,inf,4.242640687119285,6.082762530298219,1.0
m_madhu,inf,5.477225575051661,4.123105625617661,inf
ma-cortes,1.7320508075688772,4.242640687119285,14.035668847618199,4.0
mahmus,8.94427190999916,8.660254037844387,5.385164807134504,4.0
majikstl,inf,9.273618495495704,10.344080432788601,6.164414002968976
malkane316,inf,5.196152422706632,4.123105625617661,inf
malmsteneino,4.0,6.0,10.04987562112089,6.324555320336759
manendra-lodhi,inf,5.385164807134504,9.273618495495704,inf
manitobaman81,inf,6.557438524302,6.557438524302,4.69041575982343
marcus_stokes2000,inf,5.0,2.23606797749979,1.0
mardalsfossen01,7.0,7.483314773547883,4.58257569495584,5.830951894845301
mario_c,inf,4.358898943540674,5.477225575051661,1.0
mark.waltz,4.242640687119285,6.082762530298219,3.605551275463989,4.0
markgorman,9.591663046625438,8.18535277187245,8.306623862918075,5.5677643628300215
marmar-69780,7.681145747868608,9.695359714832659,11.180339887498949,4.795831523312719
martinrobertson300482,4.58257569495584,2.23606797749979,16.186414056238647,inf
masonsaul,6.082762530298219,6.48074069840786,11.874342087037917,5.477225575051661
mat-mcnaughton-254-33257,inf,3.0,7.0710678118654755,inf
matej-trkanjec-133-920386,5.385164807134504,3.7416573867739413,9.695359714832659,3.0
matlefebvre20,inf,3.4641016151377544,4.0,1.4142135623730951
matthewssilverhammer,13.114877048604,8.0,8.426149773176359,9.539392014169456
mattkratz,1.0,3.7416573867739413,15.198684153570664,2.23606797749979
mattymatt4ever,inf,3.1622776601683795,1.0,2.0
maurice_yacowar,6.0,2.8284271247461903,4.0,5.5677643628300215
mcsheehey,inf,6.164414002968976,13.30413469565007,1.4142135623730951
meeza,5.916079783099616,15.427248620541512,21.18962010041709,5.916079783099616
mentalcritic,1.0,12.0,6.4031242374328485,inf
mgd_m,9.273618495495704,9.746794344808963,7.3484692283495345,6.244997998398398
mgruebel,4.898979485566356,7.745966692414834,5.916079783099616,5.916079783099616
mhasheider,inf,3.605551275463989,4.0,inf
mhorg2018,14.317821063276353,6.557438524302,13.076696830622021,3.3166247903554
michael_the_nermal,1.0,8.18535277187245,4.47213595499958,4.0
michaelradny,2.449489742783178,6.855654600401044,3.0,4.358898943540674
michaeltrivedi,10.14889156509222,20.952326839756964,11.045361017187261,7.0710678118654755
midas-jacobs,4.0,3.4641016151377544,1.0,2.23606797749979
miguelneto-74936,8.12403840463596,8.306623862918075,14.2828568570857,11.661903789690601
mikayakatnt,11.916375287812984,11.313708498984761,7.483314773547883,8.426149773176359
mike48128,4.358898943540674,3.605551275463989,8.366600265340756,3.4641016151377544
minister_of_silly_walks,2.6457513110645907,7.810249675906654,3.0,2.449489742783178
mirosuionitsaki2,inf,3.7416573867739413,4.47213595499958,1.0
mistoppi,8.48528137423857,8.831760866327848,7.681145747868608,9.486832980505138
mitchell5954,4.123105625617661,3.7416573867739413,2.0,3.7416573867739413
mitsubishizero,7.0710678118654755,3.605551275463989,2.0,6.082762530298219
mjneu59,inf,6.928203230275509,1.0,1.4142135623730951
mjw2305,inf,6.0,6.557438524302,1.0
mm-39,5.656854249492381,12.922847983320086,14.2828568570857,11.532562594670797
mnpollio,5.0,3.1622776601683795,4.0,7.0710678118654755
monstermayhem32,5.291502622129181,2.8284271247461903,7.681145747868608,5.656854249492381
moonspinner55,8.48528137423857,17.26267650163207,9.899494936611665,12.36931687685298
morganstephens512,7.615773105863909,6.6332495807108,3.3166247903554,8.660254037844387
morrison-dylan-fan,7.745966692414834,8.426149773176359,15.937377450509228,5.830951894845301
moutonbear25,inf,2.0,6.0,1.0
movieguy1021,inf,7.874007874011811,2.23606797749979,2.449489742783178
moviemanMA,1.0,7.14142842854285,14.212670403551895,inf
movieman_kev,inf,3.4641016151377544,8.94427190999916,inf
moviemattb,2.8284271247461903,2.6457513110645907,10.246950765959598,3.1622776601683795
moviesleuth2,inf,3.4641016151377544,8.94427190999916,1.0
moviewiz-4,3.0,2.6457513110645907,6.4031242374328485,1.0
moviewizguy,3.0,7.280109889280518,13.638181696985855,5.385164807134504
moviexclusive,2.0,4.47213595499958,14.730919862656235,3.4641016151377544
mr_bickle_the_pickle,4.47213595499958,3.4641016151377544,2.0,4.898979485566356
mr_popcorn,inf,2.449489742783178,5.916079783099616,1.0
msbreviews,6.928203230275509,4.242640687119285,5.916079783099616,3.3166247903554
mstomaso,inf,3.605551275463989,6.244997998398398,1.4142135623730951
muvi-fan-73,3.1622776601683795,4.795831523312719,11.045361017187261,4.123105625617661
nairtejas,9.219544457292887,10.677078252031311,15.264337522473747,4.47213595499958
nancyldraper,5.477225575051661,5.477225575051661,4.47213595499958,2.449489742783178
napierslogs,inf,1.0,7.874007874011811,inf
natashabowiepinky,3.0,2.23606797749979,10.246950765959598,4.123105625617661
native_girl333,inf,3.4641016151377544,7.280109889280518,inf
nicholls905-280-546911,5.0,6.855654600401044,5.916079783099616,4.898979485566356
nicholls_les,11.0,8.660254037844387,13.341664064126334,7.416198487095663
nickmesafilms,inf,6.782329983125268,19.621416870348583,1.4142135623730951
nicolechan916,5.830951894845301,4.47213595499958,4.123105625617661,8.54400374531753
nmholland,3.872983346207417,3.872983346207417,6.48074069840786,3.872983346207417
nobbytatoes,inf,3.4641016151377544,9.0,1.0
nogodnomasters,11.40175425099138,8.246211251235321,22.538855339169288,13.038404810405298
noralee,inf,4.69041575982343,3.3166247903554,inf
nycritic,inf,7.211102550927978,5.0990195135927845,1.0
oOoBarracuda,3.0,8.12403840463596,5.5677643628300215,9.327379053088816
ofpsmith,1.4142135623730951,7.211102550927978,10.14889156509222,2.0
oneguyrambling,inf,3.7416573867739413,5.385164807134504,inf
oneloveall,inf,5.0990195135927845,7.14142842854285,1.0
onepotato2,inf,12.96148139681572,14.2828568570857,4.0
oscaralbert,6.708203932499369,4.242640687119285,2.23606797749979,9.899494936611665
osj2507,3.3166247903554,3.0,10.816653826391969,5.0
ozjeppe,inf,5.656854249492381,4.242640687119285,4.0
p-jonsson,11.0,8.12403840463596,11.135528725660043,8.774964387392123
p-stepien,inf,3.1622776601683795,inf,1.0
palavitsinis,7.745966692414834,2.8284271247461903,5.291502622129181,9.797958971132712
patrick_dunne,inf,5.830951894845301,3.605551275463989,1.0
paudie,inf,3.1622776601683795,4.47213595499958,inf
paul-allaer,5.830951894845301,5.196152422706632,inf,4.58257569495584
paul2001sw-1,5.5677643628300215,12.727922061357855,7.745966692414834,6.4031242374328485
paul_haakonsen,11.090536506409418,8.660254037844387,14.491376746189438,11.575836902790225
paulclaassen,14.071247279470288,17.11724276862369,15.066519173319364,14.798648586948742
pc95,8.246211251235321,8.831760866327848,8.426149773176359,7.483314773547883
peefyn,6.6332495807108,2.6457513110645907,inf,7.416198487095663
pennyelenabooks,13.2664991614216,9.643650760992955,10.954451150103322,13.19090595827292
pere-25366,3.7416573867739413,4.242640687119285,2.8284271247461903,2.23606797749979
perfectbond,inf,3.1622776601683795,3.872983346207417,2.8284271247461903
petarmatic,3.605551275463989,9.746794344808963,9.38083151964686,4.123105625617661
peterdeluca-14183,6.4031242374328485,12.449899597988733,5.477225575051661,9.0
peterp-450-298716,5.5677643628300215,2.23606797749979,9.38083151964686,8.774964387392123
petra_ste,6.082762530298219,6.557438524302,5.477225575051661,5.385164807134504
pfgpowell-1,4.69041575982343,10.344080432788601,11.313708498984761,9.0
phd_travel,15.329709716755891,15.066519173319364,23.53720459187964,15.652475842498529
philip_vanderveken,inf,4.69041575982343,5.0,1.7320508075688772
philthegreatone-786-63058,3.3166247903554,4.898979485566356,1.0,2.23606797749979
phubbs,5.0990195135927845,3.872983346207417,4.898979485566356,2.0
pinkliz41,inf,12.806248474865697,19.183326093250876,1.4142135623730951
pmtelefon,5.830951894845301,8.774964387392123,8.94427190999916,9.0
poe426,inf,16.0,14.247806848775006,3.3166247903554
pokemon_trainer_lucas,1.0,4.898979485566356,4.58257569495584,6.324555320336759
policy134,inf,3.7416573867739413,5.477225575051661,3.0
poolandrews,inf,6.6332495807108,3.7416573867739413,2.0
popculturethoughts,6.48074069840786,4.47213595499958,5.5677643628300215,4.898979485566356
powermandan,10.198039027185569,13.711309200802088,9.327379053088816,12.449899597988733
preppy-3,8.54400374531753,17.69180601295413,16.09347693943108,11.832159566199232
proud_luddite,10.14889156509222,5.196152422706632,7.211102550927978,9.486832980505138
ptb-8,6.0,5.196152422706632,9.38083151964686,5.0
punchp,6.164414002968976,inf,10.099504938362077,6.855654600401044
pyrocitor,9.0,6.48074069840786,16.09347693943108,7.615773105863909
questl-18592,8.12403840463596,5.744562646538029,5.0,8.06225774829855
quincytheodore,3.872983346207417,3.1622776601683795,4.242640687119285,3.872983346207417
quinimdb,3.1622776601683795,6.324555320336759,3.0,4.0
quinnox-1,inf,13.711309200802088,10.816653826391969,inf
r-48240,1.4142135623730951,9.848857801796104,5.916079783099616,2.449489742783178
r96sk,2.23606797749979,2.23606797749979,5.5677643628300215,1.4142135623730951
rachelrose-87356,3.605551275463989,7.3484692283495345,8.426149773176359,5.5677643628300215
rainking_es,inf,4.898979485566356,2.23606797749979,inf
rajatdahiyax,3.1622776601683795,3.605551275463989,10.246950765959598,3.3166247903554
rajdoctor,inf,8.18535277187245,6.0,inf
rannynm,6.6332495807108,5.196152422706632,13.114877048604,4.795831523312719
raphaklopper,inf,7.0,13.638181696985855,2.0
raulfaust,inf,8.0,9.486832980505138,inf
raypdaley182,inf,16.3707055437449,10.295630140987,9.0
rbn_lrk-1,2.0,4.47213595499958,8.831760866327848,2.449489742783178
rbrb,10.44030650891055,13.711309200802088,8.831760866327848,8.602325267042627
rbverhoef,inf,4.0,1.0,inf
rcolgan,4.123105625617661,2.449489742783178,4.358898943540674,4.898979485566356
rebecca-ry,inf,2.449489742783178,9.327379053088816,inf
rebeljenn,inf,14.071247279470288,3.0,7.14142842854285
redkiwi,inf,3.0,3.1622776601683795,inf
redryan64,inf,7.937253933193772,3.3166247903554,1.4142135623730951
refresh_daemon,inf,2.8284271247461903,6.48074069840786,2.23606797749979
renegadeviking-271-528568,1.0,3.3166247903554,7.0710678118654755,3.605551275463989
revival05,inf,4.795831523312719,7.0710678118654755,2.0
rgkarim,4.795831523312719,4.123105625617661,6.708203932499369,4.47213595499958
richard-1787,6.557438524302,4.47213595499958,7.745966692414834,6.0
richieandsam,inf,4.123105625617661,11.916375287812984,4.0
rivertam26,1.7320508075688772,5.291502622129181,14.106735979665885,1.0
rmax304823,6.0,15.427248620541512,13.152946437965905,12.409673645990857
robert-710-767167,inf,4.47213595499958,2.0,inf
robert-temple-1,9.273618495495704,6.0,11.045361017187261,4.242640687119285
robfollower,4.242640687119285,5.0990195135927845,6.164414002968976,3.1622776601683795
robsta23,3.3166247903554,4.58257569495584,6.782329983125268,5.0990195135927845
rockman182,5.0990195135927845,2.23606797749979,inf,1.0
roedyg,6.48074069840786,5.5677643628300215,6.855654600401044,5.0990195135927845
ronakkotian,2.449489742783178,5.830951894845301,4.242640687119285,1.4142135623730951
rooee,4.795831523312719,7.280109889280518,9.899494936611665,6.082762530298219
room102,14.142135623730951,9.591663046625438,6.782329983125268,14.38749456993816
rosscinema,inf,5.656854249492381,3.605551275463989,inf
rossrobinson,inf,3.872983346207417,inf,inf
rparham,inf,inf,9.38083151964686,inf
rubenm,6.855654600401044,5.5677643628300215,3.4641016151377544,6.0
runamokprods,inf,2.0,10.246950765959598,2.449489742783178
russem31,inf,3.3166247903554,5.916079783099616,inf
ryan_kuhn,inf,4.0,4.123105625617661,1.0
ryanskywalker-87402,3.872983346207417,1.7320508075688772,9.591663046625438,3.605551275463989
rzajac,4.47213595499958,6.6332495807108,5.0990195135927845,1.4142135623730951
s3276169,12.449899597988733,2.449489742783178,3.0,11.532562594670797
saadanathan,2.449489742783178,6.324555320336759,6.855654600401044,3.605551275463989
saadgkhan,inf,4.58257569495584,9.38083151964686,inf
saarvardi,inf,3.872983346207417,8.366600265340756,inf
sakram,5.196152422706632,5.744562646538029,5.916079783099616,8.246211251235321
sam_smithreview,6.082762530298219,2.23606797749979,2.449489742783178,7.874007874011811
samyaksambuddha,3.7416573867739413,5.0,7.0,5.0
sandnair87,1.7320508075688772,5.0990195135927845,14.866068747318506,inf
santiagocosme,9.055385138137417,8.602325267042627,7.3484692283495345,11.224972160321824
saraccan,4.242640687119285,2.6457513110645907,3.0,2.8284271247461903
sarastro7,5.744562646538029,5.744562646538029,9.9498743710662,5.0990195135927845
sashank_kini-1,inf,7.874007874011811,8.602325267042627,2.449489742783178
sauravjoshi85,6.244997998398398,5.291502622129181,16.97056274847714,1.7320508075688772
saytosandeep,inf,3.3166247903554,11.958260743101398,1.4142135623730951
sbweightman,7.211102550927978,4.58257569495584,7.874007874011811,8.12403840463596
scb_coldsteel,4.123105625617661,2.0,inf,1.0
schroeder-gustavo,6.928203230275509,6.928203230275509,8.717797887081348,6.708203932499369
scottshak_111,3.3166247903554,2.23606797749979,6.0,6.48074069840786
screenman,7.0,9.591663046625438,5.0,1.0
sddavis63,7.54983443527075,17.944358444926362,18.65475810617763,13.30413469565007
seaview1,inf,2.23606797749979,14.422205101855956,1.0
seawalker,inf,2.0,3.1622776601683795,2.0
secondtake,5.196152422706632,6.855654600401044,12.529964086141668,6.855654600401044
secretzfan,5.830951894845301,3.1622776601683795,inf,7.0
sergelamarche,5.5677643628300215,4.242640687119285,inf,3.0
shadowman123,inf,2.23606797749979,1.7320508075688772,2.0
shakercoola,4.123105625617661,2.449489742783178,3.7416573867739413,5.0990195135927845
shanfloyd,inf,3.3166247903554,7.937253933193772,inf
sharky_55,5.916079783099616,9.591663046625438,5.385164807134504,7.615773105863909
shawneofthedead,3.4641016151377544,3.605551275463989,3.7416573867739413,inf
shiguangmimi,5.656854249492381,4.69041575982343,4.0,3.3166247903554
siderite,7.0,6.4031242374328485,15.684387141358123,8.306623862918075
skepticskeptical,inf,5.5677643628300215,9.38083151964686,inf
skybrick736,2.23606797749979,2.449489742783178,3.7416573867739413,1.7320508075688772
slightlymad22,2.8284271247461903,5.744562646538029,12.288205727444508,5.0
slokes,inf,6.6332495807108,6.557438524302,3.872983346207417
smakawhat,inf,2.6457513110645907,2.0,inf
smatysia,5.0990195135927845,7.211102550927978,6.324555320336759,4.0
sme_no_densetsu,inf,6.48074069840786,12.489995996796797,3.605551275463989
socrates99,4.358898943540674,3.1622776601683795,14.142135623730951,5.656854249492381
socratesadamo,4.123105625617661,5.196152422706632,5.656854249492381,4.69041575982343
sol1218,inf,3.872983346207417,1.7320508075688772,1.0
southdavid,6.0,3.7416573867739413,1.0,4.242640687119285
squirrel_burst,1.0,3.872983346207417,8.660254037844387,1.0
srdjan_veljkovic,12.36931687685298,6.48074069840786,3.605551275463989,11.40175425099138
sreeragmeppadath,8.660254037844387,2.449489742783178,5.385164807134504,inf
sstrunks-05245,8.48528137423857,19.131126469708992,10.14889156509222,11.789826122551595
ssvikas,inf,4.123105625617661,8.660254037844387,inf
st-shot,5.744562646538029,10.344080432788601,8.54400374531753,5.477225575051661
stamper,inf,6.782329983125268,5.656854249492381,1.7320508075688772
statuskuo,10.488088481701515,8.831760866327848,5.385164807134504,10.392304845413264
stensson,inf,12.922847983320086,7.874007874011811,3.0
stephendaxter,5.656854249492381,2.449489742783178,inf,5.196152422706632
sterlinrivera-2000,3.0,4.0,4.69041575982343,2.449489742783178
stevendbeard,9.591663046625438,5.916079783099616,9.273618495495704,11.61895003862225
stevenrotherforth,7.937253933193772,6.082762530298219,3.3166247903554,5.656854249492381
stevetseitz,inf,5.744562646538029,5.916079783099616,inf
stonedraim,6.708203932499369,1.0,2.0,6.708203932499369
stormhawk2020,inf,1.0,inf,inf
strike-1995,4.898979485566356,3.3166247903554,2.449489742783178,3.872983346207417
strong-122-478885,9.486832980505138,16.0312195418814,17.0,15.329709716755891
studioAT,10.04987562112089,11.704699910719626,7.280109889280518,15.491933384829668
subxerogravity,5.916079783099616,3.4641016151377544,inf,6.324555320336759
sunznc,9.433981132056603,6.244997998398398,11.489125293076057,5.196152422706632
supertom-3,inf,5.196152422706632,6.708203932499369,inf
suri_ramneek-2,4.47213595499958,4.47213595499958,4.123105625617661,4.47213595499958
swilliky,7.483314773547883,3.872983346207417,9.055385138137417,9.055385138137417
t-viktor212,3.0,5.5677643628300215,15.297058540778355,2.0
tabuno,5.385164807134504,7.14142842854285,18.083141320025124,6.164414002968976
tadpole-596-918256,3.4641016151377544,2.8284271247461903,4.795831523312719,1.0
tankace,4.69041575982343,5.656854249492381,7.681145747868608,4.242640687119285
tastyhotdogs,inf,3.7416573867739413,8.12403840463596,3.7416573867739413
tavm,7.3484692283495345,8.06225774829855,17.97220075561143,5.385164807134504
taylorkingston,inf,2.6457513110645907,10.198039027185569,1.4142135623730951
tbills2,5.196152422706632,4.58257569495584,7.280109889280518,1.0
tburke85,inf,2.0,12.083045973594572,inf
tdrish,4.795831523312719,3.872983346207417,2.23606797749979,3.0
teh_mode,inf,1.7320508075688772,7.14142842854285,inf
tgchan,4.795831523312719,2.6457513110645907,2.23606797749979,7.14142842854285
the-movie-guy,inf,3.1622776601683795,9.055385138137417,inf
thebrandedswordsman-34028,7.211102550927978,2.449489742783178,4.123105625617661,4.0
thebricks,23.15167380558045,15.231546211727817,inf,13.2664991614216
theinaniloquent,inf,7.280109889280518,10.14889156509222,1.0
thekarmicnomad,4.123105625617661,4.0,3.7416573867739413,4.795831523312719
thekyles99,inf,4.0,8.888194417315589,inf
themadmovieman,inf,2.6457513110645907,inf,5.477225575051661
thepriceofpayne,5.0990195135927845,3.872983346207417,3.7416573867739413,2.6457513110645907
theshadow908,inf,7.14142842854285,8.426149773176359,3.3166247903554
thesouthfamily2-552-707097,1.7320508075688772,6.164414002968976,5.196152422706632,2.23606797749979
theterminator-92378,5.5677643628300215,2.449489742783178,3.872983346207417,3.605551275463989
thewillt08,inf,4.358898943540674,7.681145747868608,1.4142135623730951
thinker1691,inf,4.242640687119285,15.362291495737216,3.3166247903554
thomasjay-2201,7.416198487095663,2.23606797749979,6.244997998398398,6.557438524302
tinovalkki,8.12403840463596,3.605551275463989,9.055385138137417,8.246211251235321
tjgoalie13,5.477225575051661,2.6457513110645907,1.0,inf
tnrcooper,inf,3.7416573867739413,6.782329983125268,inf
tomgillespie2002,11.958260743101398,8.06225774829855,15.811388300841896,11.357816691600547
tomimt,1.4142135623730951,7.14142842854285,7.211102550927978,2.8284271247461903
tomrito,1.0,4.795831523312719,7.874007874011811,1.4142135623730951
tomsview,2.0,5.5677643628300215,6.082762530298219,3.4641016151377544
tonypeacock-1,2.0,6.6332495807108,3.4641016151377544,3.0
toqtaqiya2,1.0,5.5677643628300215,7.0710678118654755,2.449489742783178
trashgang,6.0,3.0,10.14889156509222,7.54983443527075
tributarystu,inf,4.242640687119285,1.0,1.0
triple8,inf,5.385164807134504,3.0,inf
troy-manatunga,1.4142135623730951,2.8284271247461903,11.135528725660043,2.449489742783178
troyputland,4.47213595499958,3.4641016151377544,8.94427190999916,3.3166247903554
trublu215,10.04987562112089,3.872983346207417,4.47213595499958,6.557438524302
truemythmedia,8.18535277187245,9.486832980505138,4.69041575982343,6.164414002968976
tubby1,inf,4.795831523312719,9.539392014169456,2.0
undeaddt,3.605551275463989,2.6457513110645907,6.48074069840786,5.385164807134504
utgard14,5.385164807134504,6.557438524302,4.47213595499958,7.874007874011811
vailsy,1.4142135623730951,9.486832980505138,10.392304845413264,3.1622776601683795
valadas,5.196152422706632,10.04987562112089,9.16515138991168,8.660254037844387
valleyjohn,9.055385138137417,7.3484692283495345,5.0990195135927845,12.041594578792296
vengeance20,7.280109889280518,8.888194417315589,8.366600265340756,11.874342087037917
videorama-759-859391,1.0,2.8284271247461903,6.164414002968976,1.4142135623730951
view_and_review,12.489995996796797,12.409673645990857,12.041594578792296,11.269427669584644
vincentlynch-moonoi,inf,2.0,2.6457513110645907,2.0
vip_ebriega,inf,6.928203230275509,10.954451150103322,1.4142135623730951
virek213,3.4641016151377544,6.557438524302,9.539392014169456,3.872983346207417
virindra,3.4641016151377544,3.0,11.704699910719626,3.605551275463989
vishaal811,1.4142135623730951,6.48074069840786,11.445523142259598,1.0
vistheindian,3.605551275463989,1.7320508075688772,4.123105625617661,3.1622776601683795
vitaleralphlouis,7.0,16.06237840420901,14.106735979665885,inf
vithiet,8.12403840463596,6.244997998398398,9.848857801796104,6.48074069840786
vostf,4.69041575982343,6.928203230275509,10.44030650891055,4.47213595499958
waynegavin1,7.0710678118654755,4.123105625617661,6.164414002968976,6.244997998398398
werefox08,inf,10.770329614269007,11.74734012447073,7.14142842854285
wes-connors,inf,5.5677643628300215,2.449489742783178,inf
westsideschl,10.535653752852738,8.94427190999916,7.280109889280518,6.082762530298219
whpratt1,inf,7.615773105863909,6.4031242374328485,inf
willcundallreview,1.4142135623730951,6.082762530298219,6.855654600401044,2.0
williampsamuel,3.872983346207417,7.0710678118654755,9.486832980505138,inf
winner55,inf,15.427248620541512,8.48528137423857,8.660254037844387
wisemantonofski,3.0,4.0,5.385164807134504,1.4142135623730951
wisewebwoman,inf,7.416198487095663,6.928203230275509,1.0
witster18,5.291502622129181,4.0,9.0,4.0
writers_reign,4.898979485566356,10.295630140987,13.076696830622021,4.123105625617661
wwe7961,inf,6.557438524302,9.16515138991168,2.0
x-54313,4.0,3.7416573867739413,3.0,2.23606797749979
xredgarnetx,inf,2.23606797749979,3.0,inf
yashrajs536,4.358898943540674,3.3166247903554,13.114877048604,5.830951894845301
yasir619,1.0,6.4031242374328485,6.082762530298219,inf
yoggwork,7.0710678118654755,4.123105625617661,7.14142842854285,7.615773105863909
youthandyoungmanhood,2.0,6.782329983125268,3.605551275463989,2.0
yuzou-45815,2.23606797749979,3.1622776601683795,4.123105625617661,3.3166247903554
zeekwunlau,3.1622776601683795,6.6332495807108,7.0710678118654755,4.0
zetes,3.605551275463989,9.433981132056603,16.24807680927192,4.795831523312719
zhyarTheChosen,5.385164807134504,10.44030650891055,9.433981132056603,8.602325267042627
zkonedog,11.269427669584644,11.135528725660043,20.639767440550294,12.68857754044952
zlx_zjlq,3.7416573867739413,6.244997998398398,7.280109889280518,5.0
zzhhhqing,inf,7.681145747868608,4.795831523312719,2.449489742783178
